id,title,price,description,condition,location,imageUrls,sourceUrl,scrapedAt
046e1a64-dba1-4869-81f0-17f5d20ff2e4,Bathroom Storage,$25,,Used - like new,"Phenix City, AL","{""https://scontent-atl3-3.xx.fbcdn.net/v/t39.84726-6/606879807_4197272463853414_3578565665239049619_n.jpg?stp=dst-jpg_p720x720_tt6&_nc_cat=107&ccb=1-7&_nc_sid=92e707&_nc_ohc=J2N9WD_PKH4Q7kNvwG0Y-gw&_nc_oc=AdkbX0zB1ubkDNnxpyN8eMtOX4qgcwSdsoTSaC10z7-N64h7jdASDwgNZmLHnJIf5Nw&_nc_zt=14&_nc_ht=scontent-atl3-3.xx&_nc_gid=Lc7-Idz_uDTDDmsZxkqpHg&oh=00_Afnj6Vb4MoTnIpER8ZcQ1XnngN7G3gTSFiZ-cJVuRFDlzg&oe=695A6777""}",https://www.facebook.com/marketplace/item/25260341950317825/?ref=browse_tab&referral_code=marketplace_top_picks&referral_story_type=top_picks&__tn__=!%3AD,2025-12-30 19:41:12
62005111-2579-4fda-b9e0-355815d7407e,Coffee table,$150,Pretty medium size brown leatherlike,Used - Good,"Midland, GA","{""https://scontent-atl3-2.xx.fbcdn.net/v/t39.84726-6/605780262_1368143751675753_2560077099121014989_n.jpg?stp=dst-jpg_p720x720_tt6&_nc_cat=102&ccb=1-7&_nc_sid=92e707&_nc_ohc=BDilpH9gEAQQ7kNvwHdY4dy&_nc_oc=AdnXN5GyMRBEYwkLiPaEmKWrW2a79TeZb2G4tKOrUg4XM8unDn6tAROrd6-og9FPb3I&_nc_zt=14&_nc_ht=scontent-atl3-2.xx&_nc_gid=IaQhnvaHbWqeXaLGs5G6yA&oh=00_AflJo7lxX0BOObi2JX-YwjkjapSpsBqn52UIuhXAxt5kFw&oe=695A3887""}",https://www.facebook.com/marketplace/item/2116353149195827/?ref=browse_tab&referral_code=marketplace_top_picks&referral_story_type=top_picks&__tn__=!%3AD,2025-12-30 19:41:14
73940c51-8135-43df-94b9-6b6bc151e0a6,2011 Chevrolet express 2500 cargo Van,"$9,000","En perfectas condiciones .
In a very good condition, ready to start working
Only answering serious, interested buyer",,"Midland, GA","{""https://scontent-atl3-3.xx.fbcdn.net/v/t39.30808-6/597382980_2252412378866128_1854332362601179309_n.jpg?stp=dst-jpg_s960x960_tt6&_nc_cat=110&ccb=1-7&_nc_sid=454cf4&_nc_ohc=InQTwc1ORl8Q7kNvwE6wPE0&_nc_oc=Adn2tBNHKBduTsSiYYwzWkiLDe4_H_-Jzjiz20NjAv4LJOn8NIXE50PQ8hnH7d3lp2g&_nc_zt=23&_nc_ht=scontent-atl3-3.xx&_nc_gid=q6wzyMdzMWL56Oge7oFbfg&oh=00_AfmBec33CM9hhVxHO-3-Zw21wBoiNJagewy1AMg-SxNJ1w&oe=695A4C2F"",""https://scontent-atl3-2.xx.fbcdn.net/v/t39.30808-6/584599457_2229711311136235_6315600282982525830_n.jpg?stp=dst-jpg_s960x960_tt6&_nc_cat=101&ccb=1-7&_nc_sid=946e27&_nc_ohc=wXANRrwQWz8Q7kNvwGPZGoE&_nc_oc=AdlGZMMVWUnBDatWf85VARQzkhTZp7Bar6iS9sj1TOn3S8T7RFprRE2-JuAg69Ej_fc&_nc_zt=23&_nc_ht=scontent-atl3-2.xx&_nc_gid=q6wzyMdzMWL56Oge7oFbfg&oh=00_AfmM8Ed81Cag9mM5E4FIp2bOC1A9IpSgX8OFodr5gFaayA&oe=695A5EE8"",""https://scontent-atl3-3.xx.fbcdn.net/v/t39.30808-6/583637594_2229711364469563_4045099754073809463_n.jpg?stp=dst-jpg_s960x960_tt6&_nc_cat=109&ccb=1-7&_nc_sid=946e27&_nc_ohc=aeug7YSqQPcQ7kNvwHR6Id7&_nc_oc=AdlyXNJk2Sg4ASpkuu4ozpNn6D4cfIBj9eaIs2VgrKO8dfPka9mBEp0I4h98s7rdoDg&_nc_zt=23&_nc_ht=scontent-atl3-3.xx&_nc_gid=q6wzyMdzMWL56Oge7oFbfg&oh=00_AflsDBovbxJ39aIdfOBBdsIMRKlIIRtfMyJ8u1wQknB-YQ&oe=695A3996"",""https://scontent-atl3-1.xx.fbcdn.net/v/t39.30808-6/583923810_2229711354469564_1391655788634807541_n.jpg?stp=dst-jpg_s960x960_tt6&_nc_cat=106&ccb=1-7&_nc_sid=946e27&_nc_ohc=IH2lBHNkIKUQ7kNvwEX7C18&_nc_oc=AdklUz7SqZ9J2M9x16xltBPs0nQP_FW1K2zO21HwHz0qwhMQ6dU2RWa6fZCEDbWnvns&_nc_zt=23&_nc_ht=scontent-atl3-1.xx&_nc_gid=q6wzyMdzMWL56Oge7oFbfg&oh=00_AfkW-Kh2yT0dN59eSWjP8p6dVB_2HELp6DIoYUyd-O4Dqg&oe=695A6BB8"",""https://scontent-atl3-2.xx.fbcdn.net/v/t39.30808-6/584096009_2229711324469567_4102234534799595499_n.jpg?stp=dst-jpg_s960x960_tt6&_nc_cat=101&ccb=1-7&_nc_sid=946e27&_nc_ohc=-uFzTXubmeIQ7kNvwGm8ZhW&_nc_oc=AdlCReem7pWEgO9-lGBvCcox7J5M4z6LwOayclaRLR2lvffc_jXb9zw9Pgb9F2T7Fb8&_nc_zt=23&_nc_ht=scontent-atl3-2.xx&_nc_gid=q6wzyMdzMWL56Oge7oFbfg&oh=00_AfmkWa6rBt8WJCCltrmPVNlkL32llNRNxqBjfX80RLqpXQ&oe=695A6BC0"",""https://scontent-atl3-3.xx.fbcdn.net/v/t39.30808-6/584723143_2229711341136232_2333148385880295154_n.jpg?stp=dst-jpg_s960x960_tt6&_nc_cat=109&ccb=1-7&_nc_sid=946e27&_nc_ohc=L-K1EaAvaroQ7kNvwGjhhCH&_nc_oc=AdnSbKhYLUwRMgbvQjkgwtk87BjCqKVoeSDRR4s2zV8yVqLdexEkIOVVHPLPLKSXV2I&_nc_zt=23&_nc_ht=scontent-atl3-3.xx&_nc_gid=q6wzyMdzMWL56Oge7oFbfg&oh=00_AfmPQsH5Lkl62yJXs_8fj4xqXZ4NQWwKWEyrip0xsXXwoQ&oe=695A43F3""}",https://www.facebook.com/marketplace/item/1536404734226668/?ref=browse_tab&referral_code=marketplace_top_picks&referral_story_type=top_picks&__tn__=!%3AD,2025-12-30 19:41:15
5f756137-848c-498f-96e8-88b2582582a3,2007 Suzuki boulevard m50,"$2,500","2007 Suzuki Boulevard M50 
(805cc)

•Runs great
•Has new tires
**the starter button went out on it, but it fires up every single time using the solenoid under the seat** ",,"Midland, GA","{""https://scontent-atl3-1.xx.fbcdn.net/v/t39.30808-6/606016045_34245830645016171_4267864667365641219_n.jpg?stp=dst-jpg_s960x960_tt6&_nc_cat=103&ccb=1-7&_nc_sid=454cf4&_nc_ohc=--auWBR6GWgQ7kNvwHMsn6x&_nc_oc=AdkK3WSLmMOKjcvwrEp9RYWY5ytzPDGvT8_8OZfwag6KVUSHoX9sumqoHc5MxHKlj0g&_nc_zt=23&_nc_ht=scontent-atl3-1.xx&_nc_gid=l5z720PK2obv51E7dLPp6A&oh=00_AfntYBTMSbqM9nMrr9foPMc_R8zg2UNB5PHZGtcuUdpWgA&oe=695A3E6F"",""https://scontent-atl3-1.xx.fbcdn.net/v/t39.30808-6/605105416_34245798671686035_7322320602825158731_n.jpg?stp=cp6_dst-jpegr_s960x960_tt6&_nc_cat=100&ccb=1-7&_nc_sid=946e27&_nc_ohc=5O55fRhuAIMQ7kNvwH4lcn5&_nc_oc=Adkx9pdqD7b8NQZTqwNNpeSs2mG--4XZUwJqhsuiY6x0LU8laSz6G8v3uBJrt1QS6WM&_nc_zt=23&se=-1&_nc_ht=scontent-atl3-1.xx&_nc_gid=l5z720PK2obv51E7dLPp6A&oh=00_Afm5aUBCgV0vmo-9lFr9wPXcmxraoXZGo22OKmLmV72ZzA&oe=695A5691"",""https://scontent-atl3-2.xx.fbcdn.net/v/t39.30808-6/606317653_34245798595019376_210413149254078963_n.jpg?stp=cp6_dst-jpegr_s960x960_tt6&_nc_cat=102&ccb=1-7&_nc_sid=946e27&_nc_ohc=miySC8USH30Q7kNvwEnu-0x&_nc_oc=AdnTCc87z9dyCiua8DD1PlP8rZRr9AexLNbobTIfaBLI1haN08kPcVOBiZbLDi8Bfvc&_nc_zt=23&se=-1&_nc_ht=scontent-atl3-2.xx&_nc_gid=l5z720PK2obv51E7dLPp6A&oh=00_AfntXG3m82JbYLkNNmqtz18Ikf9B6kiHHRCzWMYeL1iiuQ&oe=695A41D6""}",https://www.facebook.com/marketplace/item/856542967092381/?ref=browse_tab&referral_code=marketplace_top_picks&referral_story_type=top_picks&__tn__=!%3AD,2025-12-30 19:41:12
a6cf200b-37a4-4b05-a525-8a3f38266fd5,Washer and Dryer Units,$125,"Washer and dryer - Electric
Hotpoint Brand
Sold as a pair.

In good working order!!",Used - Good,"Midland, GA","{""https://scontent-atl3-3.xx.fbcdn.net/v/t39.84726-6/608509132_845367948308248_3740943625336773778_n.jpg?stp=dst-jpg_p720x720_tt6&_nc_cat=108&ccb=1-7&_nc_sid=92e707&_nc_ohc=2MaQhjY3G4oQ7kNvwGADK7q&_nc_oc=AdnFbhgu02CHzphvKFVWX2fqBufz1l7zJeD7BqVXDeCKJQVaaV3sTyvnK7qZVN2eLHQ&_nc_zt=14&_nc_ht=scontent-atl3-3.xx&_nc_gid=Ok2bhzUHkjComxkh0JnMVw&oh=00_Afk_e_QyglkF6tn3GBMp_lQiAgwxV7VTcrQJYSn2OtzVWQ&oe=695A6029""}",https://www.facebook.com/marketplace/item/1557343031981105/?ref=browse_tab&referral_code=marketplace_top_picks&referral_story_type=top_picks&__tn__=!%3AD,2025-12-30 19:41:23
4b22f5c1-99b7-459d-88ed-bbe686b959a6,Bambu Lab Filament - PETG,$20,"Listed price is per spool. PETG Bambu Lab filament. Most are “refills” so you must provide your own spool. Colors: white, black, transparent, orange",New,"Midland, GA","{""https://scontent-atl3-2.xx.fbcdn.net/v/t39.84726-6/595357363_2091177601692119_1810621548182071485_n.jpg?stp=dst-jpg_p720x720_tt6&_nc_cat=101&ccb=1-7&_nc_sid=92e707&_nc_ohc=Nv6cQKsw8hYQ7kNvwGnjPZD&_nc_oc=AdkiA1lLa3efYxJVxxHftYozP_ASKzEhYSCzAOqsQOEMKayKPGiYnPDIXyn6p-94YUA&_nc_zt=14&_nc_ht=scontent-atl3-2.xx&_nc_gid=MoklQz41Lr5IJVcJlAaiGw&oh=00_AfmV-LB0q-d-h6G2EIzE4Z8V5EYBByDb38-aaToYAlSuuw&oe=695A6D0C"",""https://scontent-atl3-3.xx.fbcdn.net/v/t45.5328-4/596039642_1942122546343004_2011245728298462294_n.jpg?stp=dst-jpg_p720x720_tt6&_nc_cat=110&ccb=1-7&_nc_sid=247b10&_nc_ohc=HQ-v7J8e5_sQ7kNvwGhPq4X&_nc_oc=Adlf7lqU3Cc7xTDoc0VjhLuhbmSfONKDVypXo1jD-iuk5h4_EuwwkJ3Kioah3UvMtoc&_nc_zt=23&_nc_ht=scontent-atl3-3.xx&_nc_gid=MoklQz41Lr5IJVcJlAaiGw&oh=00_AflOLI2QDCAQEWa2NKFbmT-dr4dIurcfcmbBuV3xUL90GQ&oe=695A5BA6"",""https://scontent-atl3-2.xx.fbcdn.net/v/t45.5328-4/596516369_820813684099591_7274140081410711649_n.jpg?stp=dst-jpg_p720x720_tt6&_nc_cat=104&ccb=1-7&_nc_sid=247b10&_nc_ohc=yVa88nOgr2cQ7kNvwEpbr3G&_nc_oc=Adkf3gQHQyjGIBqbWgl73P_iyuyWSsqrzvzHQmoGcKZbjVmms0vVsifVjznWeFVw11U&_nc_zt=23&_nc_ht=scontent-atl3-2.xx&_nc_gid=MoklQz41Lr5IJVcJlAaiGw&oh=00_AflYf_ORMhxayNiaEAU6vtdhglJY6ckc-vN_ZWLZN_nIPw&oe=695A4D91""}",https://www.facebook.com/marketplace/item/2673839896287706/?ref=browse_tab&referral_code=marketplace_top_picks&referral_story_type=top_picks&__tn__=!%3AD,2025-12-30 19:41:19
55ff2e02-3bed-4c95-8644-7c7486d57a1f,Professional Grade Poker Table,$475,"Professional-grade poker table with a padded speed cloth center and leather-padded rail. It has custom bluetooth LED lights around the edge, 8 stainless steel cup holders, and a sealed plywood build...",Used - Good,"San Francisco, CA","{""https://scontent-atl3-3.xx.fbcdn.net/v/t39.84726-6/595666577_1562499178092592_3559873944785806065_n.jpg?stp=dst-jpg_p720x720_tt6&_nc_cat=110&ccb=1-7&_nc_sid=92e707&_nc_ohc=Gv4vZqg9VhUQ7kNvwFa1A86&_nc_oc=AdmSP7HbNUBnY_NjWPZIUqGc7g14V2eDbsHcYfzd7yBZzx-8K0IRJF2JPBVZCLjdodk&_nc_zt=14&_nc_ht=scontent-atl3-3.xx&_nc_gid=CGZWeaoRwV9aavj1XDLEHA&oh=00_Afn2pDmxnp4XMoMVeTnICPXglqBbkveXogQsFYRKca0GuQ&oe=695A4D24"",""https://scontent-atl3-1.xx.fbcdn.net/v/t45.5328-4/594472628_2755090758159901_7952048948178170970_n.jpg?stp=dst-jpg_s960x960_tt6&_nc_cat=100&ccb=1-7&_nc_sid=247b10&_nc_ohc=UVjvKVp5GXoQ7kNvwHnxnB4&_nc_oc=AdnDOw2y8jN7z6-xNTaxczC-wDVfgQSMXxyIyY3I8FdpwjQH5M0KwqN6xsO8Pc4CLOk&_nc_zt=23&_nc_ht=scontent-atl3-1.xx&_nc_gid=CGZWeaoRwV9aavj1XDLEHA&oh=00_AflVTrZO9iYNZ-95k3qQ0V2-7AMYHnCTKGBkNADHKYU29w&oe=695A5021"",""https://scontent-atl3-2.xx.fbcdn.net/v/t45.5328-4/595057319_1173308621660887_2175673744794747115_n.jpg?stp=dst-jpg_p720x720_tt6&_nc_cat=102&ccb=1-7&_nc_sid=247b10&_nc_ohc=NOhGrl7XS94Q7kNvwESBSSk&_nc_oc=AdnbgzD_ye2tn_NgU8IajJkcP6X_TVIQs2mSqQK97kVcwWOly8mT82R48Bgzdq6XMjs&_nc_zt=23&_nc_ht=scontent-atl3-2.xx&_nc_gid=CGZWeaoRwV9aavj1XDLEHA&oh=00_AflC1o-m13VfQUhEkFRpQibQaD83N5PTFy3wPbzoUW-2cQ&oe=695A5D38"",""https://scontent-atl3-3.xx.fbcdn.net/v/t45.5328-4/595523476_839141582372748_4068122157696245763_n.jpg?stp=dst-jpg_p720x720_tt6&_nc_cat=110&ccb=1-7&_nc_sid=247b10&_nc_ohc=5W4hg_YBNLwQ7kNvwGyrEky&_nc_oc=Adl2Y0jhhn91vvA48jwuWixT_bLvUPJEEoCvi4sUWxfCc-S4qtPsNGU8Rl5E4-xJxqA&_nc_zt=23&_nc_ht=scontent-atl3-3.xx&_nc_gid=CGZWeaoRwV9aavj1XDLEHA&oh=00_Afn0njF-V5s6_DzNJudjKZJy5Y-Ql0lj7cuXqlOI8rdb8Q&oe=695A3991"",""https://scontent-atl3-3.xx.fbcdn.net/v/t45.5328-4/595105899_4284734325075363_3642791461239173585_n.jpg?stp=dst-jpg_s960x960_tt6&_nc_cat=107&ccb=1-7&_nc_sid=247b10&_nc_ohc=_STE6Pc2ruAQ7kNvwGyRLtw&_nc_oc=AdlB7olMmFqkVseviMt3vu926rwQpUnjfT9zO3teNIhmW_8rhZOjXaT-JMjoQJZ10wQ&_nc_zt=23&_nc_ht=scontent-atl3-3.xx&_nc_gid=CGZWeaoRwV9aavj1XDLEHA&oh=00_AfmUuF0BymTBiuo5tLS9DtzBb_6jqp0Mbn1PYIaxs5k7wA&oe=695A65FA""}",https://www.facebook.com/marketplace/item/886230190730966/?ref=browse_tab&referral_code=marketplace_top_picks&referral_story_type=top_picks&__tn__=!%3AD,2025-12-30 19:41:19
e18868cd-d460-4f92-8156-fec83ad046a2,2015 Honda pcx,"$2,300",2015 Honda PCX 150,,"Midland, GA","{""https://scontent-atl3-3.xx.fbcdn.net/v/t39.30808-6/607634551_2616435725399635_1372505143530981748_n.jpg?stp=dst-jpg_s960x960_tt6&_nc_cat=107&ccb=1-7&_nc_sid=454cf4&_nc_ohc=Xrg88chgkrEQ7kNvwHOL45i&_nc_oc=Adkm6wp0ox2x3MAFlL-CDQ2odfBEeXLJ4ZLmfgiH0wCwuEoZyvliOhccNLqvmazIy_s&_nc_zt=23&_nc_ht=scontent-atl3-3.xx&_nc_gid=8OuuIWn3egxwOQTxkZtWOQ&oh=00_Afl-6iNxX6O0SFtCC63Xm_nfTxQ-akuYQDf2P84c1zQi5A&oe=695A649C"",""https://scontent-atl3-2.xx.fbcdn.net/v/t39.30808-6/607612405_2616434632066411_2638741943776978620_n.jpg?stp=dst-jpg_s960x960_tt6&_nc_cat=102&ccb=1-7&_nc_sid=946e27&_nc_ohc=WEs77gkJB_AQ7kNvwF67Xx3&_nc_oc=AdnLsjagfnW2HK945FduHCMsFPNeiNXIPmNTN2G0veUm2n1SIYERYqqXgJVGJPNMzG8&_nc_zt=23&_nc_ht=scontent-atl3-2.xx&_nc_gid=8OuuIWn3egxwOQTxkZtWOQ&oh=00_AfnhB28LYgKQZrUPixoKFfgUKk9EFa_N2M64ICUp6J0gog&oe=695A46AF"",""https://scontent-atl3-3.xx.fbcdn.net/v/t39.30808-6/608208815_2616434695399738_174327880897166369_n.jpg?stp=dst-jpg_s960x960_tt6&_nc_cat=111&ccb=1-7&_nc_sid=946e27&_nc_ohc=32XSdO2TlWQQ7kNvwE0cCdG&_nc_oc=AdkK8lfjwXBD7sH6tQ69qWzx6vmkD3IyHN2sgSKkhJoajG-aluEWrGtSoDSnIYoBbOk&_nc_zt=23&_nc_ht=scontent-atl3-3.xx&_nc_gid=8OuuIWn3egxwOQTxkZtWOQ&oh=00_AfmiuV3JLySGoiNnDM7S9DfvBAmPFBtTUYg9ZL3uygDQBg&oe=695A59C0"",""https://scontent-atl3-3.xx.fbcdn.net/v/t39.30808-6/608184245_2616434905399717_3764530708491465204_n.jpg?stp=dst-jpg_s960x960_tt6&_nc_cat=108&ccb=1-7&_nc_sid=946e27&_nc_ohc=xUabuFfq-HwQ7kNvwFgDKCu&_nc_oc=Adlpy5q4FRaLIyTQu9Bw-KM0UipRkJ_VjmEAs4lWjZUhUrGY6vi2pthXeR5Z8XRLNFU&_nc_zt=23&_nc_ht=scontent-atl3-3.xx&_nc_gid=8OuuIWn3egxwOQTxkZtWOQ&oh=00_AfnVWRUfNBsUxWtwOvbt1rJY_7YLudvV-AKM4b12GmaXcQ&oe=695A5026""}",https://www.facebook.com/marketplace/item/2060024331517222/?ref=browse_tab&referral_code=marketplace_top_picks&referral_story_type=top_picks&__tn__=!%3AD,2025-12-30 19:41:21
45daa9db-b353-4e9e-911b-d2c4efc9bd9c,Calloway golf club set,$200,Great clubs full set one or 2 clubs have little scratches but nothing bad ,Used - like new,"Midland, GA","{""https://scontent-atl3-2.xx.fbcdn.net/v/t39.84726-6/605377302_1237596011585870_2049080563309963300_n.jpg?stp=dst-jpg_s960x960_tt6&_nc_cat=101&ccb=1-7&_nc_sid=92e707&_nc_ohc=SbnUjQJo0D0Q7kNvwFphOCY&_nc_oc=AdlyaJoV--CbiBGp3J5bIN4oGCTZglBK3qp5_mekHO7rMUvc3BMCduVEyGG1AiawNU4&_nc_zt=14&_nc_ht=scontent-atl3-2.xx&_nc_gid=q-ZGsK-wmfFqDmHTDwv9OQ&oh=00_AfnITLHLufvq2QVl1FtS1VDkF9YIM-OR4nuTY0AbaXspPg&oe=695A5567"",""https://scontent-atl3-2.xx.fbcdn.net/v/t45.5328-4/607771601_1281736150435335_2709697592075222328_n.jpg?stp=dst-jpg_s960x960_tt6&_nc_cat=104&ccb=1-7&_nc_sid=247b10&_nc_ohc=7V7Vx2JQKxQQ7kNvwHi58sf&_nc_oc=AdmHC5HYlb0mLi0FXccb1b2ZkpGSATr4HM1pTAGgLJBA4GDEsmEO7N6tayZFV_-vIV8&_nc_zt=23&_nc_ht=scontent-atl3-2.xx&_nc_gid=q-ZGsK-wmfFqDmHTDwv9OQ&oh=00_AfkO00OswdUQNlfZp5ZfS-Mwj-cfF5inJpyDSYEWJ09dNg&oe=695A68F2"",""https://scontent-atl3-3.xx.fbcdn.net/v/t45.5328-4/605928902_1357543135540659_8865477883398088515_n.jpg?stp=dst-jpg_s960x960_tt6&_nc_cat=107&ccb=1-7&_nc_sid=247b10&_nc_ohc=UNh2tQIxbL4Q7kNvwHdfONU&_nc_oc=AdnhDTUa8Rzc1LpxTI6_L7ASE3QRagRZWWZpTTm7RUKuc-HNd3qpwbBBjpRI4VJmew8&_nc_zt=23&_nc_ht=scontent-atl3-3.xx&_nc_gid=q-ZGsK-wmfFqDmHTDwv9OQ&oh=00_AfnmztgCAl8ky9nUaGLOzCYoIdpmAKFHqp2GXFKxqAydow&oe=695A4A27""}",https://www.facebook.com/marketplace/item/824653120565528/?ref=browse_tab&referral_code=marketplace_top_picks&referral_story_type=top_picks&__tn__=!%3AD,2025-12-30 19:41:29
ae496a0d-6538-497b-88f7-59807d2f0197,New GYMSHARK tank,$10,Vital seamless tank top - only worn ONCE!!!!,Used - like new,"Midland, GA","{""https://scontent-atl3-2.xx.fbcdn.net/v/t39.84726-6/597017468_842375668711239_5586229061078191871_n.jpg?stp=dst-jpg_s960x960_tt6&_nc_cat=102&ccb=1-7&_nc_sid=92e707&_nc_ohc=LgxhRKXD8w0Q7kNvwHZKSjl&_nc_oc=AdliM6T_HWLxPc1HBpzC7op-dIIz4hK_Ayhp_N5yZBXzWHPb6HeWM_q-_uLzA2mGBds&_nc_zt=14&_nc_ht=scontent-atl3-2.xx&_nc_gid=W2uP2esbsEhMHUl2D_EVzg&oh=00_AfnDAHXnEvlwI7yi5fMEEmjKvz0QQpg5rdLukfP6dOHIJQ&oe=695A4DB1"",""https://scontent-atl3-3.xx.fbcdn.net/v/t45.5328-4/596974921_881174577701210_662507055511408071_n.jpg?stp=dst-jpg_p720x720_tt6&_nc_cat=109&ccb=1-7&_nc_sid=247b10&_nc_ohc=b3z-aFMC7mAQ7kNvwGohDil&_nc_oc=Adl5Dp4Bkf_HMuqy8x1_GukamuSN5DpK1Toe5O_rLjmIuLR2um_8SDjL6VDiYYsSH98&_nc_zt=23&_nc_ht=scontent-atl3-3.xx&_nc_gid=W2uP2esbsEhMHUl2D_EVzg&oh=00_AflqbFFlO6TkNCsNtwjLvbIrlyDVSb-2_VES5YFGOupYXQ&oe=695A5D31"",""https://scontent-atl3-3.xx.fbcdn.net/v/t45.5328-4/598989768_867573352441399_914916839406389576_n.jpg?stp=dst-jpg_p720x720_tt6&_nc_cat=108&ccb=1-7&_nc_sid=247b10&_nc_ohc=lUqLyb459PAQ7kNvwGBzpiV&_nc_oc=AdkL3Cb4BhU084sW1MxdLBR0EyWTMTVG3ZMaEfIC8kJk2tKd0ez9Dimu9rvI7dDZX3g&_nc_zt=23&_nc_ht=scontent-atl3-3.xx&_nc_gid=W2uP2esbsEhMHUl2D_EVzg&oh=00_AfmFXHzesa_BhYfiZhYmw4-fgFax4M45X5kf49TDB_iMhg&oe=695A638B""}",https://www.facebook.com/marketplace/item/743741632088491/?ref=browse_tab&referral_code=marketplace_top_picks&referral_story_type=top_picks&__tn__=!%3AD,2025-12-30 19:41:40
be6d239d-58de-406f-812e-52e31f206833,New Sauna-Used 10 times maybe,$100,"New sauna that got used maybe 10 times, moving this month and need to sell it fast, it can’t come to the new place.",Used - like new,"San Francisco, CA","{""https://scontent-atl3-2.xx.fbcdn.net/v/t39.84726-6/603848509_1246591193949883_2272326678526254561_n.jpg?stp=dst-jpg_p720x720_tt6&_nc_cat=102&ccb=1-7&_nc_sid=92e707&_nc_ohc=ddffEonhEVYQ7kNvwFlSm-T&_nc_oc=AdlbFpx1qgA3f1ZAsLaPZqyMZjikTj62T5XNP2mH9U55rAnt49Rl9tm8VYx1vY2gK70&_nc_zt=14&_nc_ht=scontent-atl3-2.xx&_nc_gid=66w37TTHLg36a7j7cgKRCg&oh=00_Afmc8gOQlLCbYRYZoB8-1Bb085GxUSv7sPG0qdYEQWLpdg&oe=695A5AE7"",""https://scontent-atl3-3.xx.fbcdn.net/v/t45.5328-4/598888446_909971444691682_797789186989238109_n.jpg?stp=dst-jpg_p720x720_tt6&_nc_cat=111&ccb=1-7&_nc_sid=247b10&_nc_ohc=WzG5R4vexXQQ7kNvwHJXWUd&_nc_oc=AdmA2CUodTi1mNC1CiMgC9eE1zgp9j_EdKxwAzcd5DYTX2kgE4ltmcoLxyuTwh47E8Q&_nc_zt=23&_nc_ht=scontent-atl3-3.xx&_nc_gid=66w37TTHLg36a7j7cgKRCg&oh=00_Afn4ikyNjcwTKOojyUW_prxOJ3B6mzII55DSQl0qKmrWTQ&oe=695A695B"",""https://scontent-atl3-1.xx.fbcdn.net/v/t45.5328-4/598896042_1236166458385645_8066099055629033173_n.jpg?stp=dst-jpg_p720x720_tt6&_nc_cat=100&ccb=1-7&_nc_sid=247b10&_nc_ohc=b6BG3bkKkSAQ7kNvwFPCYcw&_nc_oc=AdmAZtl1fL4BW8F-4eM89iDMkunoTOwraTxPNk-zro4qnpl6OJ71txURbGNOj57oIdQ&_nc_zt=23&_nc_ht=scontent-atl3-1.xx&_nc_gid=66w37TTHLg36a7j7cgKRCg&oh=00_Afmehyo39m9_-KJh-mTmhPOFxrbPUbH54GkXlQOp0wnzTg&oe=695A592F""}",https://www.facebook.com/marketplace/item/914637720914009/?ref=browse_tab&referral_code=marketplace_top_picks&referral_story_type=top_picks&__tn__=!%3AD,2025-12-30 19:41:27
e00c5fed-64cc-4fdc-9522-0fe1bf60b560,Five Sets of Dumbells/Bundle or Seperate Sets,$545,"Set of 30 pound $60
Set of 40 pound $80
Set of 50 pound $130
Set of 60 pound $150
Set of 80 pound $180
All five sets for $545",Used - Good,"San Francisco, CA","{""https://scontent-atl3-3.xx.fbcdn.net/v/t39.84726-6/601399943_3773809376253372_7156675767311982675_n.jpg?stp=dst-jpg_s960x960_tt6&_nc_cat=107&ccb=1-7&_nc_sid=92e707&_nc_ohc=ROj7URWI6v4Q7kNvwEPMTY_&_nc_oc=Adk1XiHOK6NSDli-CjLVsjf6OEtegSG_hef1HRUu19bIjLTPBm0ihK2avQHGAQTEoaQ&_nc_zt=14&_nc_ht=scontent-atl3-3.xx&_nc_gid=6NJfGuNYSorh-PUAYovngg&oh=00_AflykdHrM5lX28qDTt42-BWGSDT_DhUNZCs2VtBmM7m1DA&oe=695A4D85"",""https://scontent-atl3-1.xx.fbcdn.net/v/t45.5328-4/599842616_886677917140242_8315700234878239832_n.jpg?stp=dst-jpg_p720x720_tt6&_nc_cat=106&ccb=1-7&_nc_sid=247b10&_nc_ohc=cXDvn_YsGNsQ7kNvwEqhrH2&_nc_oc=Adluq15qg8FWP8oaTZIBPzR0wd8F_lshXsmBQJWS2qn8uIZcTixINppYha01Ay6binI&_nc_zt=23&_nc_ht=scontent-atl3-1.xx&_nc_gid=6NJfGuNYSorh-PUAYovngg&oh=00_Afl_WbPRoBxPFo4pxFmA8k_B6FBiX35NVIZfTd5FGFYhKA&oe=695A5A34"",""https://scontent-atl3-3.xx.fbcdn.net/v/t45.5328-4/601164109_1473342190428315_1978757902212291462_n.jpg?stp=dst-jpg_p720x720_tt6&_nc_cat=111&ccb=1-7&_nc_sid=247b10&_nc_ohc=uuXIXr3uMFoQ7kNvwEOy7nD&_nc_oc=AdmgpG7HmPITqzVH26t0so6PFzfF6V00dr7VADJl3alm1Ubp46QIXrIHQQqpi_a1r6I&_nc_zt=23&_nc_ht=scontent-atl3-3.xx&_nc_gid=6NJfGuNYSorh-PUAYovngg&oh=00_Afkg8ONsCu5CwEZVphwyqRD3dpE6rkjmI_P86VpH-nSjkA&oe=695A431C"",""https://scontent-atl3-2.xx.fbcdn.net/v/t45.5328-4/600852493_2846532832216532_2967617227083384684_n.jpg?stp=dst-jpg_p720x720_tt6&_nc_cat=104&ccb=1-7&_nc_sid=247b10&_nc_ohc=Ie3gWH7v-3QQ7kNvwFcln-j&_nc_oc=AdmVkfjKf9sRytLzotEvUb6VnHwNB1rVCtB4FVeeRXRegleNpty4f6NxMXvoGC57weM&_nc_zt=23&_nc_ht=scontent-atl3-2.xx&_nc_gid=6NJfGuNYSorh-PUAYovngg&oh=00_Afkio4-8MwLvRDKjWEUy_kOYzUcd2X2sMtM3Niz9K3Y38g&oe=695A53B1""}",https://www.facebook.com/marketplace/item/4194158624173951/?ref=browse_tab&referral_code=marketplace_top_picks&referral_story_type=top_picks&__tn__=!%3AD,2025-12-30 19:41:29
e4659e67-f725-4f39-8ca9-43e756b878ae,MCM tanker desk needs top,FREE,Very nice except for needs a top ,Used - Fair,"Midland, GA","{""https://scontent-atl3-3.xx.fbcdn.net/v/t39.84726-6/596807749_25364878353165206_404498402729812435_n.jpg?stp=dst-jpg_s960x960_tt6&_nc_cat=111&ccb=1-7&_nc_sid=92e707&_nc_ohc=W6TKedM3Nj0Q7kNvwGFVDw1&_nc_oc=Adk_dE5dZQnmYDDZXfqh3AQkIwvzJULYHQ2S7xspQzjGpk62Q1N71IFY6JutJX6Rlj0&_nc_zt=14&_nc_ht=scontent-atl3-3.xx&_nc_gid=48IIluZ83M1qy45bbdPLPg&oh=00_AfkmWtocTlxoOeeJgDlbRjQRXaxs4dcsLMqrgaczM-w7vw&oe=695A44AB"",""https://scontent-atl3-3.xx.fbcdn.net/v/t45.5328-4/596078200_793114797098711_2417579563272153669_n.jpg?stp=dst-jpg_s960x960_tt6&_nc_cat=111&ccb=1-7&_nc_sid=247b10&_nc_ohc=dgDCnkweQTQQ7kNvwESAwSD&_nc_oc=AdkSinfo1VIsUT38M7Lj6VrFbBIN9uVgkB5-C3MoRKxvXgMIVU7Zl3tXKF5lRp4nPQs&_nc_zt=23&_nc_ht=scontent-atl3-3.xx&_nc_gid=48IIluZ83M1qy45bbdPLPg&oh=00_AfmvqId324Fk0Rj590bh3LLpS-vKWYmz4OvAceJwtHwx5w&oe=695A3C05"",""https://scontent-atl3-1.xx.fbcdn.net/v/t45.5328-4/596373167_854526747301978_2197866310052997216_n.jpg?stp=dst-jpg_s960x960_tt6&_nc_cat=100&ccb=1-7&_nc_sid=247b10&_nc_ohc=t19ArNk0BfMQ7kNvwGq27uI&_nc_oc=Admdkgl6UDGLb2LVJwneU96q7iuGP_Mu72op1n6aiHZJC6shThmQ1AIxGB1xvT0l8WQ&_nc_zt=23&_nc_ht=scontent-atl3-1.xx&_nc_gid=48IIluZ83M1qy45bbdPLPg&oh=00_AfnadGZGX-16xwtbna5xR3-kri3sMF-1uRsLUSz5HENGfg&oe=695A5055""}",https://www.facebook.com/marketplace/item/762272696886265/?ref=browse_tab&referral_code=marketplace_top_picks&referral_story_type=top_picks&__tn__=!%3AD,2025-12-30 19:41:33
0946bb19-cd24-451c-9d9e-6a15bbef3494,SO MUCH SOL,$24,$28 at Ulta after tax! Perfect stocking stuffers/last minute gifts. I have body butters and sets as well. Discounts on multiples 2 for $45 ,New,"San Francisco, CA","{""https://scontent-atl3-2.xx.fbcdn.net/v/t39.84726-6/597367990_1188829013424367_5340011330199335103_n.jpg?stp=dst-jpg_p720x720_tt6&_nc_cat=104&ccb=1-7&_nc_sid=92e707&_nc_ohc=Ii7TgMFf0r4Q7kNvwEJISds&_nc_oc=AdnnNiyq23jwPC9CZQfqfDm-mIDGOd0EaD20VlSq-e6OeLEhEfet9H4-NEGeJQm3HC0&_nc_zt=14&_nc_ht=scontent-atl3-2.xx&_nc_gid=xh4vZfABwV9Q1JSvDR4pdw&oh=00_AflKZY4-noCJYO1NOnae5FAjkRQhQhXZFhwuakS29x21Wg&oe=695A59F8""}",https://www.facebook.com/marketplace/item/1197474288551415/?ref=browse_tab&referral_code=marketplace_top_picks&referral_story_type=top_picks&__tn__=!%3AD,2025-12-30 19:41:35
011d5794-3061-49a0-b61b-0933728d291d,2023 CBI 6800ct,"$940,000","2023 CBI 6800CT Horizontal Grinder
Have 9x6 and 3x1 sets of grates for the mill, new spare teeth, and a extra belt to go with the Grinder. 

All features and functions work as they should, machine is...",,"Midland, GA","{""https://scontent-atl3-2.xx.fbcdn.net/v/t15.5256-10/598519028_780140938375192_8037821462760991981_n.jpg?stp=dst-jpg_s960x960_tt6&_nc_cat=105&ccb=1-7&_nc_sid=d4195b&_nc_ohc=L5DPV4SOiRMQ7kNvwF8_P98&_nc_oc=AdnoNrLvBZ6BBYLQR1m-7MahrlpBFcG20fEwh_VKu4XyCaOlHm12YpWkhIFkEzbA6Mc&_nc_zt=23&_nc_ht=scontent-atl3-2.xx&_nc_gid=mTSFd5gKhz75D001qWd4wQ&oh=00_AfkoGpS5yViLJJgiMPgTheOtAaqoPAJgXYh_ZcFnoyn46g&oe=695A47D5"",""https://scontent-atl3-3.xx.fbcdn.net/v/t39.30808-6/597327048_122285292716028620_1224098427594984118_n.jpg?stp=dst-jpg_s960x960_tt6&_nc_cat=107&ccb=1-7&_nc_sid=454cf4&_nc_ohc=ZccCmVs9zpIQ7kNvwE3ipQD&_nc_oc=AdlW-OrygEzNGLJpwzy-CTLBVio8fPOxZe8EzJ_N1QjWoK6tCkR9yDsjBEcCKWYNi4E&_nc_zt=23&_nc_ht=scontent-atl3-3.xx&_nc_gid=mTSFd5gKhz75D001qWd4wQ&oh=00_AfkJXpMBdTi_g4IwqzRJzQVFIbl09CaWN1VHt-JNy-OmPQ&oe=695A5F7F"",""https://scontent-atl3-1.xx.fbcdn.net/v/t39.30808-6/597070242_122285328944028620_2744965705983363755_n.jpg?stp=dst-jpg_s960x960_tt6&_nc_cat=103&ccb=1-7&_nc_sid=ca4098&_nc_ohc=wu7V5GZFE70Q7kNvwEtaKk9&_nc_oc=Adkay4gm0CSrXQDl0thiImFxsx3cztSJukbPaxvz2UQqkEmAVZCv7LNw2IJAJJxA4tM&_nc_zt=23&_nc_ht=scontent-atl3-1.xx&_nc_gid=mTSFd5gKhz75D001qWd4wQ&oh=00_AfmU8JZlBu9m3Dc4vl42ShAyihTBNGKjFx2QopFlRXenOw&oe=695A6DC2"",""https://scontent-atl3-2.xx.fbcdn.net/v/t39.30808-6/597091259_122285328950028620_3222968944656197258_n.jpg?stp=dst-jpg_s960x960_tt6&_nc_cat=101&ccb=1-7&_nc_sid=ca4098&_nc_ohc=cP3JB37zxrUQ7kNvwEw_ydL&_nc_oc=AdkqS1iWQDjSSLhslsn6IQBU4OrBF91Bao8jdFX2OKQgwJXNVhQIdwPLXRYdG-kOAzY&_nc_zt=23&_nc_ht=scontent-atl3-2.xx&_nc_gid=mTSFd5gKhz75D001qWd4wQ&oh=00_AfkW8WHRgnSsXVjkvJ_Qem0Q5nq6M6uf6R7VE9w15PNblg&oe=695A6196""}",https://www.facebook.com/marketplace/item/1276394357644997/?ref=browse_tab&referral_code=marketplace_top_picks&referral_story_type=top_picks&__tn__=!%3AD,2025-12-30 19:41:36
3a2e0394-3caa-41a7-9c3e-268224089cc2,2024 Polaris Sportsman 850 High-lifter,"$10,499","Available at Extreme Powersports in Opelika, AL

Ask for John!",Used - like new,"Midland, GA","{""https://scontent-atl3-2.xx.fbcdn.net/v/t15.5256-10/551012560_1111412361196592_3592860571594354843_n.jpg?stp=dst-jpg_s960x960_tt6&_nc_cat=104&ccb=1-7&_nc_sid=d4195b&_nc_ohc=7P2ryq5adLUQ7kNvwEZVXKY&_nc_oc=Adn5_TVZz5-CBze2-iQ146HOH65Lwh_rz93HIKvWh5W0j3Iv7Nt5SQSB3OqE3eAbDos&_nc_zt=23&_nc_ht=scontent-atl3-2.xx&_nc_gid=MBZxVWUBBQtgeaLZSoV18g&oh=00_Afl-N_zyX3tY3bDsoJU7KeLeLC_AjBR2MHnmxGsa2ivdyA&oe=695A50D7"",""https://scontent-atl3-1.xx.fbcdn.net/v/t39.84726-6/595197813_1382726399870387_7011993505279160573_n.jpg?stp=dst-jpg_s960x960_tt6&_nc_cat=106&ccb=1-7&_nc_sid=92e707&_nc_ohc=JfEp9AYvjB4Q7kNvwG0hQF5&_nc_oc=AdmMMO76KRLI6Q4HD-EeT9MEtIxyNPvD6QtSgrGyM0vhYsEVRGDiYHZvzRe8ijifhug&_nc_zt=14&_nc_ht=scontent-atl3-1.xx&_nc_gid=MBZxVWUBBQtgeaLZSoV18g&oh=00_AfmeiJp9mI1aYo2kYblmpo6eT49_j4GpXHUKxPSg3VCtrA&oe=695A69B3"",""https://scontent-atl3-2.xx.fbcdn.net/v/t45.5328-4/593419503_1351904173084075_4506401248817221772_n.jpg?stp=dst-jpg_s960x960_tt6&_nc_cat=101&ccb=1-7&_nc_sid=247b10&_nc_ohc=TYgvYNT2IBcQ7kNvwFdeyq8&_nc_oc=AdnhxYrhh0U6cbWnmDLrvYBC7_IhnHnXDTDe8UcDlX5btjtk9rkufr47P4L3AEJHgqY&_nc_zt=23&_nc_ht=scontent-atl3-2.xx&_nc_gid=MBZxVWUBBQtgeaLZSoV18g&oh=00_Afn-le72vhbQZ9K7ppP50cNAUxwW_ffJ2TdN5DM4hV9jdA&oe=695A6A54"",""https://scontent-atl3-1.xx.fbcdn.net/v/t45.5328-4/592913498_1139831054965962_2677965015427284908_n.jpg?stp=dst-jpg_s960x960_tt6&_nc_cat=100&ccb=1-7&_nc_sid=247b10&_nc_ohc=BsYvpB21JyoQ7kNvwHjyKxM&_nc_oc=Adm48nfx0En89vlHg-7Cq_FzqSeZno99TFp9gCecyNSsPYnmIJlpvYXSd4Gpi2ItaB0&_nc_zt=23&_nc_ht=scontent-atl3-1.xx&_nc_gid=MBZxVWUBBQtgeaLZSoV18g&oh=00_Afn7S8VJ2xc_u0j2WklC7Bu_Z03oLwTvfu8kkcBUgWdgJg&oe=695A6708"",""https://scontent-atl3-3.xx.fbcdn.net/v/t45.5328-4/592879398_1188453035960304_4228825377991562696_n.jpg?stp=dst-jpg_s960x960_tt6&_nc_cat=107&ccb=1-7&_nc_sid=247b10&_nc_ohc=3kNPwxMwWVoQ7kNvwF87YhJ&_nc_oc=AdnON3fMBrQVP24WfVkjDyYzleiQpdXE1ra1z5wTvH8HEiWVYDawhBYXT5o9JGU4bq0&_nc_zt=23&_nc_ht=scontent-atl3-3.xx&_nc_gid=MBZxVWUBBQtgeaLZSoV18g&oh=00_AfkSm6pNlRyQ0XjNbKH8etimRIq1KqmMo3SbeFF2DI5B9Q&oe=695A5F06""}",https://www.facebook.com/marketplace/item/708499231943155/?ref=browse_tab&referral_code=marketplace_top_picks&referral_story_type=top_picks&__tn__=!%3AD,2025-12-30 19:41:41
5f334898-c0d2-46c8-b4c9-02cf636af227,1 Bed 1 Bath - Apartment,$850,1 bedroom 1bathroom duplex for rent. Den and eat in kitchen. Utility room for washer and dryer. ,,"Midland, GA","{""https://scontent-atl3-1.xx.fbcdn.net/v/t39.30808-6/603795593_33497063479878798_7849408060994325571_n.jpg?stp=dst-jpg_s960x960_tt6&_nc_cat=106&ccb=1-7&_nc_sid=454cf4&_nc_ohc=97gmmZ0PJ2IQ7kNvwG5YJTe&_nc_oc=AdnH7WOmdLSHRQraJ6QwEXF6Co3dbtfYLBlgyIngM_sxpstd5LqmyvKuNlrtLdBcYc8&_nc_zt=23&_nc_ht=scontent-atl3-1.xx&_nc_gid=v8kdlRX-NOR_GZwJyYdRRg&oh=00_AfmBkk0z-J13GMWbMIXfxZRzU7BzOt_q64T69gCVSC2UIQ&oe=695A3B7B"",""https://scontent-atl3-1.xx.fbcdn.net/v/t39.30808-6/605765565_33497035823214897_8094846340821102584_n.jpg?stp=dst-jpg_s960x960_tt6&_nc_cat=106&ccb=1-7&_nc_sid=946e27&_nc_ohc=6rxaujZB9FgQ7kNvwGkkICb&_nc_oc=Admjml41WQcjapg-LjcWKqSjJTU5QFwTuheKU316CjiRzPiEWXRyXkgDtMF5u0TG-58&_nc_zt=23&_nc_ht=scontent-atl3-1.xx&_nc_gid=v8kdlRX-NOR_GZwJyYdRRg&oh=00_AfmSQVXSDmF1t9Dhd8Q0RQWtT2y5YWoCfa5T1FWgm4yZcw&oe=695A5D5D"",""https://scontent-atl3-2.xx.fbcdn.net/v/t39.30808-6/608159445_33497035589881587_1592879752307598685_n.jpg?stp=dst-jpg_s960x960_tt6&_nc_cat=101&ccb=1-7&_nc_sid=946e27&_nc_ohc=xT5MnYjUzDsQ7kNvwGBG7Qx&_nc_oc=Adn7L0s49eHY5RUIiQprusTFnRoXAADAGBJtZhJ5wBtTYTXOy75sgCGuhpc_XfZRols&_nc_zt=23&_nc_ht=scontent-atl3-2.xx&_nc_gid=v8kdlRX-NOR_GZwJyYdRRg&oh=00_AfnaNKE05_V6oOkRv_xQbspeHL9d4t6xiRwUg2x7FxazTQ&oe=695A3AC7"",""https://scontent-atl3-2.xx.fbcdn.net/v/t39.30808-6/605612371_33497035756548237_6156840494458861638_n.jpg?stp=dst-jpg_s960x960_tt6&_nc_cat=101&ccb=1-7&_nc_sid=946e27&_nc_ohc=nvKCaPMO6SMQ7kNvwF0fEp5&_nc_oc=Adk_4XaWCztK7dgH0fhitFpc7cZqRWDt_nM8ioHxQFROvl2TykzZ_SZz3cM025j12co&_nc_zt=23&_nc_ht=scontent-atl3-2.xx&_nc_gid=v8kdlRX-NOR_GZwJyYdRRg&oh=00_AfnxPxs8j1f2PZDBNS75jC_b_YMOH49JnCzRfspamx9qEg&oe=695A463D""}",https://www.facebook.com/marketplace/item/1966635433953050/?ref=browse_tab&referral_code=marketplace_top_picks&referral_story_type=top_picks&__tn__=!%3AD,2025-12-30 19:41:41
d77956c8-8710-4cc0-9767-8fd18eaca106,Grapps,"$1,234",35/12.5/20 grapps and stocks brand new grapps not even 300 miles on them just bought them last week and installed them send me some trades ,New,"Daly City, CA","{""https://scontent-atl3-1.xx.fbcdn.net/v/t39.84726-6/605827100_837583499121031_1221419174865041753_n.jpg?stp=dst-jpg_s960x960_tt6&_nc_cat=106&ccb=1-7&_nc_sid=92e707&_nc_ohc=m_E2rurTRBAQ7kNvwFc_Yrw&_nc_oc=AdnqoCEWXGDXve3bXZBLlxSI6fJBSnjYHG928IKk5iH42O2-AjJcuNuiUD4bcES9Q50&_nc_zt=14&_nc_ht=scontent-atl3-1.xx&_nc_gid=EtIWvGauF8skrstat52zjQ&oh=00_AfkhM5YGcRPKLAMnsjA4M8C7pCGxvBT0GQGXrZJybGsnFQ&oe=695A51F5"",""https://scontent-atl3-3.xx.fbcdn.net/v/t45.5328-4/608279803_904953998862165_3457457781175357761_n.jpg?stp=dst-jpg_p720x720_tt6&_nc_cat=111&ccb=1-7&_nc_sid=247b10&_nc_ohc=VYxIFHAgK5IQ7kNvwHzq3tc&_nc_oc=Adk0OGCVcJEmCyuCMXvRgVr2VtrPHUL_gBmTOVaELqRED7oqZnrD1CICrhA49-6f6BY&_nc_zt=23&_nc_ht=scontent-atl3-3.xx&_nc_gid=EtIWvGauF8skrstat52zjQ&oh=00_AfmyDNukcKrcKQrap2rWj2LVYipuvtWhcRJEA1OpCbNF0w&oe=695A49C3"",""https://scontent-atl3-2.xx.fbcdn.net/v/t45.5328-4/606493814_1269743724981294_5226402154909863173_n.jpg?stp=dst-jpg_s960x960_tt6&_nc_cat=102&ccb=1-7&_nc_sid=247b10&_nc_ohc=O_AprBn6NnMQ7kNvwGjuqTS&_nc_oc=Adnj2EIUzV_cJeJCA8dFbTrs1JMy2IzElPYbLtUKoeqjUZ6eDU3lLvpJNYczU1kh7Lk&_nc_zt=23&_nc_ht=scontent-atl3-2.xx&_nc_gid=EtIWvGauF8skrstat52zjQ&oh=00_Afm2zl3oDyh4PexhC_0YzmvFFOg1NXYLYulkDAJgh9fqAA&oe=695A5A95"",""https://scontent-atl3-3.xx.fbcdn.net/v/t45.5328-4/607743625_736340549071508_1912861409614795417_n.jpg?stp=dst-jpg_s960x960_tt6&_nc_cat=109&ccb=1-7&_nc_sid=247b10&_nc_ohc=vDX9eaFSL90Q7kNvwHBjTfn&_nc_oc=AdmxzeJqbNUgQsmkxvvOVSgnOJzOwjtffBOqQVwRUYUis0407rD9fC9C8X8t_p2_u-k&_nc_zt=23&_nc_ht=scontent-atl3-3.xx&_nc_gid=EtIWvGauF8skrstat52zjQ&oh=00_Afkt8tqOXf-TzPYMHJLzuD8TestuQ2MDAR9iwOYkeMb02Q&oe=695A6D8A""}",https://www.facebook.com/marketplace/item/910354607987823/?ref=browse_tab&referral_code=marketplace_top_picks&referral_story_type=top_picks&__tn__=!%3AD,2025-12-30 19:41:42